name,intervalBottom,midpoint,intervalTop
"Google Paid",57.6875,102.06,179.21875
"Google Organic",34,83.83500000000001,144
"Facebook Ads",34,70.237,130.46718750000002
"Referral",15.066666666666668,39.65555555555556,89
"Coupon",9.90625,34,67.921875
"Tiktok Ads",13,34,83.4375
